,Overall Score,,,,,,,Government Support,,,,,,,Financial System Support,,,,,,,Employer Support,,,,,
Markets,2024,,2023,,YoY Comparison,,,2024,,2023,,YoY Comparison,,,2024,,2023,,YoY Comparison,,,2024,,2023,,YoY Comparison,
,Score,Rank,Score,Rank,Score,Change in rank,,Score,Rank,Score,Rank,Score,Change in rank,,Score,Rank,Score,Rank,Score,Change in rank,,Score,Rank,Score,Rank,Score,Change in rank
Singapore,78.8,1,73.9,1,4.9,0,,80.4,1,75.3,1,4.9,0,,75.7,4,70.7,3,5.1,-1,,85.7,1,81.8,2,4,1
Hong Kong,75.3,2,71.1,2,4.2,0,,73.1,3,75.3,2,-2.1,-1,,78.9,3,67.1,6,11.9,3,,69,11,70,7,-1,-4
South Korea,72,3,55.1,13,16.9,10,,65.6,12,51,25,14.6,13,,80.4,2,65.6,8,14.9,6,,63.1,21,25.7,41,37.4,20
Switzerland,71.3,4,68.4,3,2.9,-1,,77,2,71.7,3,5.7,1,,65.2,9,64.8,9,0.4,0,,73.4,7,70.2,6,3.2,-1
Sweden,70.7,5,65.5,5,5.2,0,,67.4,7,64.2,8,2.8,0,,75.3,5,69.9,5,5.4,0,,65,18,51.3,25,13.7,7
Denmark,68.4,6,65.3,6,3.1,0,,67.6,6,65.8,6,1.7,0,,70.7,7,65.9,7,5,0,,61.9,22,60.2,14,1.7,-8
United States,66.2,7,66.2,4,0,-3,,60.5,16,54.9,19,5.7,3,,72.5,6,77.4,1,-5,-5,,63.3,20,66.6,12,-3.2,-8
Thailand,65.1,8,58.8,10,6.3,2,,46,28,44.3,28,1.6,0,,81.3,1,71.1,2,10.2,1,,78.6,4,68.5,10,10.1,6
Australia,63.6,9,58.9,9,4.7,0,,67.3,8,58.9,10,8.4,3,,62.9,12,63,10,0,-2,,50.3,34,40.2,34,10.1,0
Norway,62.7,10,59.4,8,3.3,-2,,73.1,4,68.8,5,4.1,1,,51.2,17,51.4,14,0.2,-3,,67.8,14,53.3,23,14.5,9
United Kingdom,61.6,11,60.8,7,0.8,-4,,60,17,57.6,13,2.5,-4,,66.7,8,70.7,4,-3.9,-4,,45.3,39,31.1,39,14.2,0
The Netherlands,60.7,12,57,12,3.7,0,,66.1,10,64.7,7,1.5,-2,,52.5,15,49.5,15,3.1,0,,73.9,6,56.4,19,17.4,13
New Zealand,58.9,13,53.6,16,5.3,3,,66.6,9,60.7,9,5.8,0,,48.4,20,49.3,16,-0.5,-3,,71,9,40.8,33,30.3,24
Vietnam,57.7,14,53.1,17,4.6,3,,55.6,20,55.4,17,0.2,-3,,54,13,45.5,20,8.5,7,,83.4,2,77.2,4,6.2,2
Finland,57.5,15,58.1,11,-0.6,-4,,65.1,13,70.9,4,-5.9,-9,,50.4,18,47.7,19,2.6,1,,55.1,29,47.7,28,7.5,-1
Taiwan,55.8,16,49.4,20,6.4,4,,61.1,15,53.4,20,7.7,5,,47.9,21,43.5,22,4.4,1,,67.5,15,57.5,17,10,2
Canada,55.7,17,53.8,14,1.9,-3,,61.2,14,58.9,11,2.3,-4,,53.1,14,54.3,11,-1.2,-3,,42.5,40,28.7,40,13.9,0
Ireland,54.6,18,47.5,23,7.1,5,,70.7,5,57.2,14,13.6,9,,37.5,29,39,24,-1.5,-5,,59,23,41.8,32,17.2,9
Germany,53.2,19,47.6,22,5.6,3,,65.7,11,56,15,9.7,4,,41.8,23,40.9,23,1,0,,48.4,36,39.8,35,8.6,-1
Malaysia,52.9,20,52.8,18,0.1,-2,,51,24,51.8,22,-0.7,-1,,51.4,16,48.9,17,2.5,0,,68.6,13,75.2,5,-6.6,-8
Brazil,52.5,21,47.6,21,4.9,0,,38.3,35,39.5,24,-1.3,-1,,64.1,11,54.2,12,9.9,1,,64.2,19,54.7,20,9.6,1
India,51.1,22,45.2,26,5.9,4,,30.4,38,29.5,40,0.2,1,,64.8,10,51.5,13,13.3,3,,81.9,3,87.5,1,-5.7,-2
United Arab Emirates,50.9,23,46.8,24,4.1,1,,58.9,18,51.1,24,7.8,7,,38.8,28,38,26,0.8,-2,,69.7,10,67.1,11,2.5,1
China,50.7,24,51.5,19,-0.8,-5,,47.1,27,51.8,23,-4.7,-5,,49.1,19,45.1,21,4,2,,74.7,5,79.3,3,-4.6,-2
France,47.7,25,45.4,25,2.3,0,,52.5,21,55.5,16,-3.4,-5,,38.9,27,35.2,26,3.7,3,,65.4,17,45.5,30,19.9,13
Japan,46.7,26,43.2,27,3.5,1,,58.2,19,55.1,18,3.2,-1,,39,26,38.6,25,0.6,-1,,29.1,41,9.8,42,19.3,1
Chile,45.1,27,38.9,33,6.2,6,,48,26,43.6,30,4.2,4,,40.3,24,35.6,31,4.7,5,,53.5,30,32.8,38,20.8,8
Argentina,44.7,28,23.9,42,20.8,14,,42.8,30,30.7,38,12,8,,44.2,22,11.2,42,33,20,,55.9,27,50.1,26,5.8,-1
Spain,43.9,29,41.4,29,2.5,0,,52.5,22,48,27,4.4,5,,34.8,31,36,27,-1.1,-4,,46.1,37,36.4,37,9.8,0
Saudi Arabia,43.3,30,38.1,34,5.2,4,,51.6,23,41.2,31,9.9,8,,28.4,38,28.1,35,0.5,-3,,72.8,8,69.1,9,3.8,1
Poland,41.3,30,42.1,28,-0.8,-2,,49.3,25,49.4,26,-0.1,1,,31.1,33,30.8,33,0.3,0,,51.4,33,60,15,-8.7,-18
Mexico,40.4,32,37.6,35,2.8,3,,44.1,29,40.7,32,3.2,3,,33,32,31.4,32,1.7,0,,57.1,26,51.4,24,5.7,-2
Turkey,40.1,33,40.9,31,-0.8,-2,,34.4,36,40,33,-5.7,-3,,39.4,25,35.6,28,3.9,3,,68.9,12,69.1,8,-0.2,-4
Kenya,39.7,34,39.8,32,-0.1,-2,,41.7,32,44.3,29,-2.5,-3,,34.8,30,33.7,31,1.1,1,,53.1,31,47.5,29,5.6,-2
Indonesia,38.5,35,41.4,30,-2.9,-5,,40.8,33,51.9,21,-11.1,-12,,30.2,36,26.5,39,3.7,3,,65.8,16,61.2,13,4.7,-3
South Africa,37.9,36,33.1,36,4.8,0,,40.7,34,35.4,35,5.1,1,,30.6,34,30,34,0.7,0,,57.9,24,36.6,36,21.3,12
Italy,35.1,37,32.9,37,2.2,0,,41.9,31,35.1,37,6.7,6,,26,39,27.3,37,-1.1,-2,,45.8,38,48.3,27,-2.5,-11
Colombia,34.3,38,30.2,39,4.1,1,,33.6,37,30,39,3.6,3,,29.7,37,27,38,2.8,1,,57.8,25,45.5,31,12.3,6
Nigeria,28.5,39,29.6,40,-1.1,1,,21.9,41,25.2,41,-3.5,0,,30.6,35,27.8,36,2.8,1,,49,35,57.4,18,-8.5,-17
Peru,27.4,40,31.4,38,-4,-2,,26.8,39,35.3,36,-8.5,-3,,22.5,40,22.5,40,0,0,,53,32,54.2,21,-1.3,-11
Ghana,25.3,41,24.9,41,0.4,0,,24.1,40,23.3,42,0.7,2,,19.8,41,20,41,-0.1,0,,55.6,28,53.7,22,1.9,-6
